model,records,median_rmse_validation,median_r2_validation
double,11,0.03880217519240719,-0.9403831557490776
single,11,0.0371970763058578,-1.030872247942333
