label,precision,recall,f1_score,support
drained,0.9154838111142035,0.8432025976245408,0.8778578418290188,11703
partly_drained,0.6411329256517541,0.9386264577688773,0.7618683367595736,8489
nearly_undrained,0.8968560397131826,0.3367854183927092,0.4896852883601867,4828
macro_avg,0.8178242588263801,0.7062048245953757,0.7098038223162596,25020
accuracy,,,0.7778577138289369,25020
