sensor_id,R_pred_median,R_pred_p05,R_pred_p95,residual_p95_abs
Piezo.4,0.7368174265332745,0.0007410785489428841,0.9989878193017914,1.6499778223457409
Piezo.6,0.7418383881913104,0.0007874261133642015,0.953673849595083,2.745352773368644
Piezo.7,0.7365479856927437,0.0007400369709293689,0.999999655083196,1.9212921892225536
